WKT,name,description
"POLYGON ((106.8433999 -6.5643857, 106.8516396 -6.5330061, 106.8811654 -6.470241, 106.8983315 -6.423162, 106.893525 -6.3931384, 106.8715523 -6.3822203, 106.83928 -6.3774435, 106.8061721 -6.3657628, 106.7651223 -6.3603833, 106.7507027 -6.3412753, 106.7458962 -6.3726667, 106.7431496 -6.4013269, 106.7349099 -6.4177033, 106.7342232 -6.4402201, 106.7287301 -6.4791105, 106.7397164 -6.4900265, 106.7623757 -6.5050357, 106.7678689 -6.5268664, 106.7822884 -6.5527891, 106.8015145 -6.5664321, 106.8193673 -6.5691607, 106.8331002 -6.5671143, 106.8433999 -6.5643857))",Kota Administrasi Depok, Jawa Barat,
